model,MAE,MSE,r2score,Root MSE
Linear Regression,272396.67375019414,205496162013.66153,0.686497269276451,453316.845058356
 Ridge Regression,272391.1695701623,205487700121.10648,0.6865101786485633,453307.5116530791
Lasso,272396.4396164046,205496031561.92886,0.6864974682922088,453316.7011725124
